{"stats":{"minecraft:crafted":{"minecraft:oak_planks":28,"minecraft:redstone":9,"minecraft:furnace":2,"minecraft:blast_furnace":1,"minecraft:stone":40,"minecraft:cracked_stone_bricks":4,"pixelmon:aluminium_ingot":4,"explorerscompass:explorerscompass":1,"minecraft:iron_axe":1,"minecraft:stone_pickaxe":1,"minecraft:chest":4,"minecraft:stone_bricks":32,"minecraft:cooked_rabbit":4,"sophisticatedbackpacks:iron_backpack":1,"sophisticatedbackpacks:backpack":1,"minecraft:cooked_porkchop":4,"minecraft:crafting_table":2,"minecraft:spruce_planks":36,"minecraft:wooden_pickaxe":1,"minecraft:baked_potato":10,"sophisticatedbackpacks:gold_backpack":1,"minecraft:air":0,"minecraft:stick":28,"minecraft:iron_ingot":61,"minecraft:compass":1,"minecraft:iron_pickaxe":1,"minecraft:wooden_axe":2,"minecraft:torch":36,"pixelmon:ruby_pickaxe":1},"minecraft:custom":{"minecraft:interact_with_crafting_table":26,"minecraft:open_barrel":71,"minecraft:interact_with_campfire":17,"minecraft:leave_game":7,"minecraft:time_since_death":5738,"minecraft:climb_one_cm":18504,"minecraft:sprint_one_cm":1176976,"minecraft:walk_one_cm":1398497,"minecraft:drop":72,"minecraft:deaths":3,"minecraft:sneak_time":4063,"minecraft:walk_under_water_one_cm":39706,"minecraft:interact_with_lectern":1,"minecraft:interact_with_brewingstand":14,"minecraft:jump":6399,"minecraft:interact_with_blast_furnace":12,"minecraft:walk_on_water_one_cm":85852,"minecraft:interact_with_furnace":13,"minecraft:interact_with_cartography_table":1,"minecraft:play_one_minute":675961,"minecraft:sleep_in_bed":22,"minecraft:time_since_rest":5767,"minecraft:damage_taken":1560,"minecraft:trigger_trapped_chest":2,"minecraft:damage_dealt":126,"minecraft:swim_one_cm":118080,"minecraft:fly_one_cm":1198018,"minecraft:open_chest":87,"minecraft:crouch_one_cm":13765,"minecraft:interact_with_smoker":8,"minecraft:fall_one_cm":258330,"minecraft:use_cauldron":3,"minecraft:horse_one_cm":17811},"minecraft:used":{"pixelmon:green_pc":1,"pixelmon:yellow_day_care":1,"pixelmon:magost_berry":1,"minecraft:chest":4,"pixelmon:gold_hammer":16,"minecraft:cooked_salmon":3,"minecraft:cooked_chicken":2,"minecraft:torch":12,"minecraft:dirt":53,"minecraft:granite":5,"pixelmon:chesto_berry":1,"pixelmon:blue_apricorn":1,"minecraft:wooden_axe":10,"minecraft:iron_axe":87,"minecraft:stone_bricks":13,"pixelmon:ruby_pickaxe":10,"minecraft:golden_carrot":13,"minecraft:beef":1,"minecraft:hay_block":1,"minecraft:furnace":2,"minecraft:cooked_beef":4,"minecraft:cooked_mutton":1,"minecraft:diorite":5,"minecraft:baked_potato":10,"minecraft:stone_pickaxe":25,"pixelmon:green_trade_machine":2,"minecraft:orange_tulip":1,"pixelmon:grepa_berry":1,"minecraft:wooden_pickaxe":5,"pixelmon:cheri_berry":1,"pixelmon:black_apricorn":1,"minecraft:sand":1,"minecraft:crafting_table":2,"minecraft:red_bed":6,"pixelmon:white_rug":1,"minecraft:blast_furnace":1,"minecraft:painting":3,"minecraft:spruce_log":3,"minecraft:smoker":1,"minecraft:oak_log":4,"minecraft:dark_prismarine":4,"pixelmon:hondew_berry":1,"minecraft:chicken":2,"minecraft:iron_pickaxe":251,"minecraft:lectern":4,"pixelmon:lum_berry":1,"pixelmon:pixelmon_spawner":1,"minecraft:spruce_sapling":1,"minecraft:green_carpet":1,"minecraft:cobblestone":79,"minecraft:cooked_porkchop":8,"minecraft:cooked_rabbit":4,"minecraft:andesite":20,"minecraft:golden_pickaxe":70,"pixelmon:wiki_berry":2,"minecraft:cobweb":1},"minecraft:picked_up":{"minecraft:wooden_axe":1,"pixelmon:armorite_ore":1,"pixelmon:x_special_defense":2,"pixelmon:silicon_ore":1,"minecraft:smithing_table":1,"pixelmon:shiny_charm":1,"pixelmon:old_running_boots":1,"pixelmon:ice_heal":3,"pixelmon:rare_candy":2,"minecraft:string":3,"minecraft:red_bed":5,"minecraft:cooked_salmon":3,"pixelmon:platinum_base":1,"pixelmon:dynamax_candy":1,"minecraft:netherite_scrap":2,"minecraft:smooth_stone":3,"pixelmon:poisonium_z":1,"pixelmon:adrenaline_orb":1,"minecraft:poppy":2,"minecraft:lectern":4,"minecraft:sugar_cane":1,"minecraft:chest":1,"minecraft:spruce_trapdoor":1,"pixelmon:antidote":4,"minecraft:furnace":1,"pixelmon:bauxite_ore":12,"pixelmon:black_apricorn":2,"minecraft:stick":5,"pixelmon:blue_berry_wood_stairs":1,"pixelmon:burn_heal":10,"pixelmon:fire_stone_shard":2,"pixelmon:l_exp_candy":1,"minecraft:diorite":5,"pixelmon:ability_capsule":1,"minecraft:vine":4,"minecraft:carrot":1,"pixelmon:x_special_attack":1,"pixelmon:ultra_forest_fallen_leaves":1,"minecraft:rotten_flesh":1,"pixelmon:pink_apricorn":2,"pixelmon:lure_casing_weak":2,"minecraft:hay_block":1,"pixelmon:ruby":7,"pixelmon:dynite_ore":1,"minecraft:blaze_powder":2,"minecraft:cobblestone":168,"minecraft:enchanting_table":1,"pixelmon:revive":4,"minecraft:cooked_beef":4,"pixelmon:yellow_day_care":2,"pixelmon:green_trade_machine":3,"minecraft:andesite":21,"minecraft:fern":1,"minecraft:smoker":2,"minecraft:potato":11,"pixelmon:film":3,"pixelmon:poke_ball":3,"minecraft:oak_log":10,"pixelmon:aluminium_ingot":3,"pixelmon:kelpsy_berry":1,"minecraft:lily_pad":1,"pixelmon:crystal_hammer":1,"minecraft:dirt":68,"pixelmon:leaf_stone":1,"minecraft:cooked_mutton":1,"pixelmon:curry_apple":1,"minecraft:red_carpet":1,"minecraft:apple":6,"minecraft:wheat_seeds":8,"minecraft:orange_tulip":1,"pixelmon:tr8_blank":1,"pixelmon:potion":4,"minecraft:cobweb":8,"minecraft:cooked_chicken":2,"minecraft:iron_ore":61,"minecraft:glowstone_dust":1,"pixelmon:green_pc":1,"pixelmon:sapphire":6,"pixelmon:awakening":8,"minecraft:oak_slab":1,"minecraft:cooked_porkchop":4,"pixelmon:slowbronite":1,"pixelmon:white_rug":1,"minecraft:gravel":4,"pixelmon:tiny_mushroom":2,"pixelmon:amethyst":3,"minecraft:sand":4,"minecraft:spruce_sapling":3,"minecraft:blast_furnace":1,"minecraft:spruce_log":68,"minecraft:green_carpet":1,"minecraft:spider_eye":4,"pixelmon:green_day_care":1,"minecraft:oak_wood":3,"pixelmon:qualot_berry":1,"pixelmon:m_exp_candy":1,"pixelmon:purple_berry_wood_slab":1,"pixelmon:wiki_berry":1,"minecraft:granite":8,"minecraft:painting":2,"minecraft:golden_apple":1,"pixelmon:cheri_berry":1,"minecraft:bread":1,"pixelmon:platinum_ore":2,"minecraft:oak_sapling":1,"pixelmon:camera":1,"minecraft:coal":56},"minecraft:broken":{"pixelmon:gold_hammer":1,"minecraft:iron_pickaxe":1,"minecraft:golden_pickaxe":1},"minecraft:dropped":{"pixelmon:sapphire":2,"pixelmon:ruby":2,"minecraft:bread":1,"minecraft:vine":4,"minecraft:wheat_seeds":6,"pixelmon:kelpsy_berry":2,"pixelmon:leaf_stone":1,"pixelmon:curry_apple":1,"minecraft:cobblestone":23,"pixelmon:ability_capsule":1,"minecraft:stick":2,"minecraft:lava_bucket":2,"minecraft:cobweb":16,"minecraft:dirt":1,"minecraft:netherite_scrap":2,"pixelmon:crystal":1,"pixelmon:platinum_base":1,"minecraft:brown_terracotta":3,"pixelmon:lure_casing_weak":1,"minecraft:sand":3,"pixelmon:dynamax_candy":1,"minecraft:string":2,"minecraft:white_wool":1,"pixelmon:shiny_charm":1,"minecraft:spruce_sapling":2,"minecraft:redstone":8,"pixelmon:wiki_berry":1,"minecraft:gravel":1,"minecraft:snow_block":5,"pixelmon:ultra_forest_fallen_leaves":1,"minecraft:sugar_cane":1,"pixelmon:l_exp_candy":1,"pixelmon:camera":1,"minecraft:rotten_flesh":1,"minecraft:fern":1,"minecraft:end_stone":5,"minecraft:blaze_powder":2,"pixelmon:fire_stone_shard":1,"minecraft:carrot":1,"minecraft:poppy":1,"pixelmon:crystal_hammer":1,"minecraft:stone":5,"minecraft:oak_wood":2,"pixelmon:platinum_ore":2,"minecraft:oak_sapling":1,"pixelmon:dynite_ore":2,"minecraft:spider_eye":3,"minecraft:stone_bricks":15,"minecraft:iron_bars":10,"pixelmon:m_exp_candy":1,"minecraft:nether_quartz_ore":1,"pixelmon:poke_ball":21,"pixelmon:revive":6},"minecraft:mined":{"pixelmon:yellow_day_care":2,"pixelmon:sapphire_ore":3,"minecraft:dark_oak_leaves":2,"pixelmon:green_healer":2,"pixelmon:ruby_ore":7,"minecraft:spruce_trapdoor":1,"minecraft:granite":9,"minecraft:grass_block":15,"pixelmon:ultra_forest_flower":2,"minecraft:spruce_leaves":18,"pixelmon:platinum_ore":2,"minecraft:oxeye_daisy":1,"minecraft:hay_block":1,"minecraft:large_fern":4,"minecraft:furnace":1,"pixelmon:fire_stone_ore":1,"minecraft:iron_ore":61,"minecraft:fire":1,"minecraft:andesite":21,"minecraft:enchanting_table":1,"pixelmon:blue_berry_wood_stairs":1,"minecraft:lime_stained_glass_pane":2,"pixelmon:bauxite_ore":12,"minecraft:green_carpet":1,"minecraft:stone":160,"pixelmon:ultra_forest_fallen_leaves":1,"minecraft:cake":1,"minecraft:smithing_table":1,"pixelmon:purple_berry_wood_slab":1,"minecraft:oak_slab":1,"pixelmon:amethyst_ore":3,"minecraft:red_bed":5,"minecraft:smoker":1,"pixelmon:red_healer":1,"minecraft:oak_wood":3,"minecraft:blast_furnace":1,"pixelmon:silicon_ore":1,"minecraft:chest":1,"pixelmon:ultra_gingko_leaves":1,"minecraft:lectern":5,"minecraft:tall_grass":3,"minecraft:cobblestone":9,"minecraft:green_stained_glass_pane":2,"minecraft:lily_pad":1,"minecraft:diorite":5,"minecraft:seagrass":1,"minecraft:spruce_stairs":1,"minecraft:wheat":1,"pixelmon:green_day_care":1,"minecraft:spruce_log":71,"minecraft:birch_leaves":1,"minecraft:grass_path":1,"minecraft:grass":22,"minecraft:coal_ore":50,"minecraft:oak_log":10,"minecraft:gravel":3,"minecraft:sand":4,"minecraft:dirt":53,"minecraft:netherrack":4,"minecraft:oak_leaves":33,"minecraft:fern":4}},"DataVersion":2586}