{"stats":{"minecraft:picked_up":{"pixelmon:revive":4,"minecraft:cooked_beef":4,"minecraft:fern":1,"minecraft:smoker":1,"pixelmon:poke_ball":1,"minecraft:oak_log":6,"pixelmon:rare_candy":1,"minecraft:red_bed":4,"minecraft:dirt":13,"minecraft:cooked_salmon":3,"pixelmon:curry_apple":1,"minecraft:wheat_seeds":3,"pixelmon:poisonium_z":1,"minecraft:cooked_chicken":2,"minecraft:poppy":1,"minecraft:stick":2,"minecraft:cooked_porkchop":4,"pixelmon:slowbronite":1,"minecraft:gravel":1,"pixelmon:tiny_mushroom":2,"minecraft:green_carpet":1,"minecraft:oak_wood":1,"pixelmon:pink_apricorn":1,"pixelmon:cheri_berry":1,"minecraft:bread":1,"minecraft:coal":18,"minecraft:cobblestone":56},"minecraft:mined":{"minecraft:red_bed":4,"minecraft:dark_oak_leaves":2,"minecraft:smoker":1,"minecraft:oak_wood":1,"minecraft:grass_block":3,"minecraft:fire":1,"minecraft:birch_leaves":1,"minecraft:grass":11,"minecraft:coal_ore":18,"minecraft:oak_log":6,"minecraft:dirt":10,"minecraft:green_carpet":1,"minecraft:stone":56,"minecraft:netherrack":4,"minecraft:cake":1,"minecraft:oak_leaves":2,"minecraft:fern":1},"minecraft:used":{"pixelmon:grepa_berry":1,"pixelmon:magost_berry":1,"minecraft:wooden_pickaxe":5,"pixelmon:gold_hammer":16,"pixelmon:cheri_berry":1,"minecraft:cooked_chicken":2,"minecraft:crafting_table":1,"minecraft:red_bed":5,"pixelmon:chesto_berry":1,"minecraft:wooden_axe":1,"pixelmon:hondew_berry":1,"minecraft:chicken":2,"minecraft:green_carpet":1,"minecraft:cobblestone":1,"minecraft:beef":1,"minecraft:cooked_porkchop":4,"minecraft:cooked_beef":4,"pixelmon:wiki_berry":1,"minecraft:golden_pickaxe":70},"minecraft:crafted":{"minecraft:oak_planks":28,"minecraft:crafting_table":1,"minecraft:wooden_pickaxe":1,"minecraft:stick":4,"minecraft:wooden_axe":1},"minecraft:broken":{"pixelmon:gold_hammer":1,"minecraft:golden_pickaxe":1},"minecraft:dropped":{"minecraft:gravel":1,"minecraft:bread":1,"minecraft:wheat_seeds":3,"pixelmon:curry_apple":1,"minecraft:fern":1,"pixelmon:dynite_ore":1,"pixelmon:revive":6},"minecraft:custom":{"minecraft:interact_with_crafting_table":1,"minecraft:interact_with_cartography_table":1,"minecraft:open_barrel":29,"minecraft:play_one_minute":187376,"minecraft:interact_with_campfire":17,"minecraft:leave_game":1,"minecraft:time_since_death":187376,"minecraft:sleep_in_bed":9,"minecraft:climb_one_cm":3093,"minecraft:time_since_rest":5672,"minecraft:sprint_one_cm":427840,"minecraft:damage_taken":230,"minecraft:walk_one_cm":266459,"minecraft:trigger_trapped_chest":1,"minecraft:drop":14,"minecraft:damage_dealt":100,"minecraft:swim_one_cm":29326,"minecraft:fly_one_cm":314485,"minecraft:open_chest":17,"minecraft:crouch_one_cm":945,"minecraft:sneak_time":470,"minecraft:walk_under_water_one_cm":1887,"minecraft:interact_with_lectern":1,"minecraft:jump":1597,"minecraft:interact_with_brewingstand":9,"minecraft:walk_on_water_one_cm":16899,"minecraft:use_cauldron":2,"minecraft:fall_one_cm":28532,"minecraft:horse_one_cm":3465}},"DataVersion":2586}