{"stats":{"minecraft:crafted":{"pixelmon:ruby_pickaxe":1,"minecraft:oak_planks":28,"minecraft:stone":40,"minecraft:cracked_stone_bricks":4,"pixelmon:aluminium_ingot":13,"explorerscompass:explorerscompass":1,"minecraft:chest":4,"minecraft:stone_bricks":32,"minecraft:cooked_rabbit":4,"sophisticatedbackpacks:backpack":1,"minecraft:cooked_porkchop":4,"minecraft:crafting_table":2,"minecraft:spruce_planks":36,"minecraft:baked_potato":10,"minecraft:wooden_pickaxe":1,"minecraft:stick":28,"minecraft:compass":1,"minecraft:iron_ingot":61,"minecraft:iron_pickaxe":1,"minecraft:redstone":9,"minecraft:furnace":2,"minecraft:blast_furnace":1,"pixelmon:fire_stone":1,"minecraft:iron_axe":1,"minecraft:stone_pickaxe":1,"sophisticatedbackpacks:iron_backpack":1,"sophisticatedbackpacks:gold_backpack":1,"minecraft:air":0,"minecraft:wooden_axe":2,"pixelmon:tres_orb":1,"minecraft:torch":36},"minecraft:custom":{"minecraft:interact_with_crafting_table":27,"minecraft:open_barrel":71,"minecraft:leave_game":8,"minecraft:time_since_death":73636,"minecraft:sprint_one_cm":1212535,"minecraft:drop":92,"minecraft:deaths":4,"minecraft:jump":6746,"minecraft:interact_with_brewingstand":14,"minecraft:walk_on_water_one_cm":89648,"minecraft:interact_with_furnace":13,"minecraft:interact_with_cartography_table":1,"minecraft:play_one_minute":758459,"minecraft:sleep_in_bed":22,"minecraft:damage_dealt":133,"minecraft:crouch_one_cm":24320,"minecraft:interact_with_smoker":8,"minecraft:use_cauldron":3,"minecraft:horse_one_cm":19360,"minecraft:interact_with_campfire":17,"minecraft:climb_one_cm":26407,"minecraft:walk_one_cm":1613226,"minecraft:sneak_time":8870,"minecraft:walk_under_water_one_cm":96277,"minecraft:interact_with_lectern":1,"minecraft:interact_with_blast_furnace":12,"minecraft:time_since_rest":73703,"minecraft:damage_taken":2719,"minecraft:trigger_trapped_chest":2,"minecraft:swim_one_cm":149687,"minecraft:fly_one_cm":1420319,"minecraft:open_chest":95,"minecraft:fall_one_cm":398576},"minecraft:used":{"minecraft:chest":4,"pixelmon:moon_stone_shovel":5,"pixelmon:gold_hammer":16,"pixelmon:chesto_berry":1,"pixelmon:blue_apricorn":1,"minecraft:stone_bricks":13,"minecraft:hay_block":1,"minecraft:furnace":2,"minecraft:diorite":5,"minecraft:stone_pickaxe":25,"pixelmon:green_trade_machine":2,"minecraft:orange_tulip":1,"minecraft:wooden_pickaxe":5,"pixelmon:black_apricorn":1,"minecraft:sand":1,"minecraft:blast_furnace":1,"pixelmon:lum_berry":1,"minecraft:lectern":4,"pixelmon:pixelmon_spawner":1,"minecraft:polished_granite":2,"minecraft:gravel":3,"minecraft:cooked_rabbit":4,"minecraft:andesite":25,"pixelmon:wiki_berry":2,"minecraft:golden_pickaxe":70,"minecraft:cobweb":1,"pixelmon:green_pc":1,"pixelmon:yellow_day_care":1,"pixelmon:magost_berry":1,"minecraft:cooked_salmon":3,"minecraft:cooked_chicken":2,"minecraft:torch":12,"minecraft:dirt":54,"minecraft:granite":5,"minecraft:wooden_axe":10,"minecraft:iron_axe":90,"pixelmon:ruby_pickaxe":205,"minecraft:golden_carrot":22,"minecraft:beef":1,"minecraft:cooked_beef":4,"minecraft:cooked_mutton":1,"minecraft:baked_potato":10,"pixelmon:grepa_berry":1,"pixelmon:cheri_berry":1,"minecraft:crafting_table":2,"pixelmon:white_rug":1,"minecraft:red_bed":6,"minecraft:painting":3,"minecraft:smoker":1,"minecraft:spruce_log":3,"minecraft:oak_log":4,"minecraft:dark_prismarine":4,"pixelmon:hondew_berry":1,"minecraft:chicken":2,"minecraft:iron_pickaxe":251,"minecraft:spruce_sapling":1,"minecraft:green_carpet":1,"minecraft:cobblestone":135,"minecraft:cooked_porkchop":8},"minecraft:picked_up":{"minecraft:wooden_axe":1,"pixelmon:red_shard":2,"pixelmon:x_special_defense":2,"pixelmon:silicon_ore":1,"minecraft:iron_trapdoor":1,"pixelmon:shiny_charm":1,"minecraft:smithing_table":1,"pixelmon:old_running_boots":1,"pixelmon:ultra_elm_stairs":1,"pixelmon:ice_heal":3,"pixelmon:rare_candy":3,"minecraft:string":3,"minecraft:cooked_salmon":3,"minecraft:smooth_stone":3,"pixelmon:escape_rope":1,"pixelmon:poisonium_z":1,"pixelmon:adrenaline_orb":1,"minecraft:furnace":1,"minecraft:stick":5,"pixelmon:blue_berry_wood_stairs":1,"pixelmon:light_clay":1,"minecraft:torch":3,"pixelmon:white_shard":2,"minecraft:diorite":9,"minecraft:vine":4,"pixelmon:x_special_attack":1,"pixelmon:crystal":2,"pixelmon:polished_ultra_space_stone_wall":4,"minecraft:rotten_flesh":1,"pixelmon:comet_shard":2,"pixelmon:ruby":9,"minecraft:blaze_powder":2,"minecraft:cobblestone":268,"minecraft:enchanting_table":1,"pixelmon:revive":4,"pixelmon:yellow_day_care":2,"minecraft:cooked_beef":4,"pixelmon:assault_vest":1,"minecraft:andesite":33,"pixelmon:green_trade_machine":3,"pixelmon:fighting_gem":2,"minecraft:potato":11,"minecraft:smoker":2,"pixelmon:film":3,"minecraft:flint":1,"minecraft:dirt":69,"pixelmon:crystal_hammer":1,"pixelmon:white_apricorn":2,"pixelmon:silver_bottle_cap":1,"minecraft:polished_granite":2,"minecraft:orange_tulip":1,"minecraft:wheat_seeds":8,"pixelmon:potion":4,"pixelmon:moon_stone_shovel":1,"minecraft:glowstone_dust":4,"pixelmon:awakening":8,"minecraft:ghast_tear":1,"minecraft:diorite_wall":1,"minecraft:cooked_porkchop":4,"pixelmon:slowbronite":1,"pixelmon:tiny_mushroom":2,"minecraft:sand":4,"pixelmon:yellow_shard":1,"pixelmon:green_day_care":1,"minecraft:polished_andesite":2,"pixelmon:m_exp_candy":1,"pixelmon:qualot_berry":1,"minecraft:diamond":8,"pixelmon:wiki_berry":1,"minecraft:black_concrete":1,"minecraft:granite":8,"minecraft:golden_apple":1,"minecraft:bread":1,"pixelmon:flying_gem":2,"minecraft:oak_sapling":1,"pixelmon:armorite_ore":1,"minecraft:coarse_dirt":1,"pixelmon:dome_fossil":1,"minecraft:red_bed":5,"pixelmon:relic_band":2,"pixelmon:sun_stone_axe":1,"pixelmon:platinum_base":1,"minecraft:netherite_scrap":4,"pixelmon:dynamax_candy":2,"minecraft:poppy":2,"minecraft:lectern":4,"minecraft:minecart":1,"minecraft:sugar_cane":1,"minecraft:chest":4,"minecraft:spruce_trapdoor":1,"pixelmon:bauxite_ore":12,"pixelmon:antidote":4,"pixelmon:black_apricorn":2,"pixelmon:burn_heal":10,"pixelmon:fire_stone_shard":11,"pixelmon:aluminium_block":1,"pixelmon:l_exp_candy":1,"pixelmon:ability_capsule":2,"minecraft:carrot":1,"pixelmon:raw_tumblestone":2,"pixelmon:ultra_forest_fallen_leaves":6,"pixelmon:silver_ore":3,"pixelmon:pink_apricorn":2,"pixelmon:lure_casing_weak":2,"minecraft:hay_block":1,"minecraft:gold_ingot":3,"pixelmon:dynite_ore":1,"minecraft:lapis_ore":1,"pixelmon:ultra_forest_flower":22,"minecraft:fern":1,"pixelmon:poke_ball":3,"pixelmon:kelpsy_berry":1,"pixelmon:aluminium_ingot":5,"minecraft:oak_log":10,"minecraft:lily_pad":1,"pixelmon:raw_black_tumblestone":3,"pixelmon:leaf_stone":2,"minecraft:cooked_mutton":1,"pixelmon:curry_apple":1,"minecraft:red_carpet":1,"minecraft:apple":6,"pixelmon:tr8_blank":1,"minecraft:iron_ingot":3,"minecraft:iron_ore":61,"minecraft:cooked_chicken":2,"minecraft:cobweb":9,"pixelmon:sapphire":6,"pixelmon:green_pc":1,"pixelmon:raw_sky_tumblestone":3,"minecraft:oak_slab":1,"pixelmon:white_rug":1,"minecraft:gravel":7,"pixelmon:amethyst":3,"pixelmon:balm_mushroom":1,"minecraft:spruce_sapling":3,"minecraft:blast_furnace":1,"minecraft:spruce_log":68,"minecraft:spider_eye":4,"minecraft:green_carpet":1,"minecraft:polished_diorite_stairs":3,"minecraft:oak_wood":3,"pixelmon:purple_berry_wood_slab":1,"minecraft:polished_diorite":3,"minecraft:redstone_ore":2,"minecraft:painting":2,"pixelmon:cheri_berry":1,"pixelmon:moon_stone_legs":1,"pixelmon:platinum_ore":2,"minecraft:red_concrete":5,"minecraft:coal":57,"pixelmon:camera":1},"minecraft:broken":{"pixelmon:gold_hammer":1,"minecraft:iron_pickaxe":1,"minecraft:golden_pickaxe":1},"minecraft:mined":{"pixelmon:sapphire_ore":3,"pixelmon:yellow_day_care":2,"pixelmon:green_healer":2,"minecraft:spruce_trapdoor":1,"minecraft:granite":9,"minecraft:grass_block":15,"pixelmon:ultra_forest_flower":52,"minecraft:polished_diorite":3,"minecraft:oxeye_daisy":1,"minecraft:smooth_stone":2,"minecraft:magma_block":1,"minecraft:iron_ore":61,"minecraft:fire":1,"minecraft:enchanting_table":1,"pixelmon:blue_berry_wood_stairs":1,"minecraft:lime_stained_glass_pane":2,"minecraft:green_carpet":1,"minecraft:red_bed":5,"minecraft:smoker":1,"pixelmon:red_healer":1,"minecraft:blast_furnace":1,"pixelmon:silicon_ore":1,"minecraft:chest":3,"minecraft:cobblestone":9,"minecraft:polished_diorite_stairs":3,"minecraft:seagrass":1,"minecraft:stone_stairs":1,"minecraft:wheat":1,"minecraft:grass":22,"minecraft:oak_log":10,"minecraft:diorite_wall":1,"minecraft:sand":4,"minecraft:dirt":54,"minecraft:netherrack":4,"pixelmon:ultra_space_stone":5,"minecraft:oak_leaves":33,"minecraft:diamond_ore":8,"minecraft:crying_obsidian":1,"minecraft:dark_oak_leaves":2,"pixelmon:ruby_ore":7,"pixelmon:platinum_ore":2,"minecraft:spruce_leaves":18,"minecraft:large_fern":4,"minecraft:hay_block":1,"minecraft:furnace":1,"minecraft:red_concrete_powder":1,"pixelmon:fire_stone_ore":11,"minecraft:polished_basalt":1,"minecraft:andesite":29,"minecraft:black_concrete":1,"pixelmon:bauxite_ore":12,"minecraft:stone":281,"pixelmon:ultra_forest_fallen_leaves":12,"minecraft:cake":1,"minecraft:smithing_table":1,"pixelmon:purple_berry_wood_slab":1,"minecraft:oak_slab":1,"pixelmon:amethyst_ore":5,"minecraft:polished_granite":3,"minecraft:oak_wood":3,"pixelmon:ultra_gingko_leaves":1,"minecraft:lectern":5,"minecraft:tall_grass":3,"minecraft:red_concrete":5,"minecraft:lily_pad":1,"minecraft:green_stained_glass_pane":2,"minecraft:diorite":9,"minecraft:spruce_stairs":1,"minecraft:coarse_dirt":1,"pixelmon:aluminium_block":1,"pixelmon:green_day_care":1,"minecraft:spruce_log":71,"minecraft:birch_leaves":1,"minecraft:grass_path":1,"minecraft:coal_ore":50,"pixelmon:ultra_elm_stairs":1,"minecraft:gravel":7,"pixelmon:polished_ultra_space_stone_wall":4,"minecraft:polished_andesite":3,"minecraft:iron_trapdoor":1,"minecraft:fern":4},"minecraft:dropped":{"pixelmon:ruby":4,"pixelmon:kelpsy_berry":2,"pixelmon:leaf_stone":1,"pixelmon:ability_capsule":2,"minecraft:flint":1,"minecraft:dirt":1,"minecraft:netherite_scrap":2,"pixelmon:lure_casing_weak":1,"minecraft:sand":3,"pixelmon:dynamax_candy":2,"minecraft:white_wool":1,"minecraft:gravel":4,"pixelmon:ultra_forest_fallen_leaves":6,"minecraft:sugar_cane":1,"pixelmon:l_exp_candy":1,"minecraft:rotten_flesh":1,"minecraft:fern":1,"minecraft:end_stone":5,"minecraft:blaze_powder":2,"pixelmon:silver_bottle_cap":1,"pixelmon:fire_stone_shard":2,"minecraft:carrot":1,"minecraft:poppy":1,"pixelmon:crystal_hammer":1,"minecraft:oak_wood":2,"pixelmon:ultra_elm_stairs":1,"pixelmon:platinum_ore":2,"pixelmon:dynite_ore":2,"minecraft:iron_bars":10,"pixelmon:m_exp_candy":1,"minecraft:ghast_tear":1,"pixelmon:poke_ball":21,"pixelmon:revive":6,"pixelmon:sapphire":2,"minecraft:bread":1,"minecraft:vine":4,"minecraft:wheat_seeds":6,"pixelmon:curry_apple":1,"minecraft:cobblestone":23,"minecraft:stick":2,"minecraft:cobweb":16,"minecraft:lava_bucket":2,"pixelmon:rare_candy":1,"pixelmon:crystal":1,"pixelmon:platinum_base":1,"minecraft:brown_terracotta":3,"minecraft:string":2,"pixelmon:shiny_charm":1,"minecraft:spruce_sapling":2,"pixelmon:wiki_berry":1,"minecraft:redstone":8,"minecraft:snow_block":5,"minecraft:coarse_dirt":1,"pixelmon:camera":1,"minecraft:stone":5,"pixelmon:balm_mushroom":1,"minecraft:andesite":7,"minecraft:oak_sapling":1,"minecraft:stone_bricks":15,"minecraft:spider_eye":3,"minecraft:nether_quartz_ore":1}},"DataVersion":2586}