{"stats":{"minecraft:picked_up":{"pixelmon:poke_ball_lid":3,"minecraft:crafting_table":2,"minecraft:coarse_dirt":1,"pixelmon:tv":1,"minecraft:dandelion":1,"pixelmon:poke_ball":2,"pixelmon:berry_log":3,"pixelmon:iron_base":1,"minecraft:stone_button":2,"minecraft:dark_oak_log":22,"pixelmon:aluminum_base":1,"minecraft:dirt":1,"minecraft:red_bed":3,"minecraft:bone":2,"minecraft:black_concrete_powder":1,"minecraft:wheat_seeds":6,"minecraft:hay_block":7,"pixelmon:rawst_berry":13,"minecraft:cobblestone":20},"minecraft:mined":{"minecraft:hay_block":7,"minecraft:black_concrete_powder":1,"minecraft:coarse_dirt":1,"minecraft:red_bed":3,"minecraft:stripped_dark_oak_log":1,"minecraft:dark_oak_log":25,"pixelmon:berry_leaves_rawst":13,"minecraft:dandelion":1,"minecraft:crafting_table":2,"minecraft:grass":17,"minecraft:grass_block":2,"minecraft:white_stained_glass":1,"minecraft:dirt":2,"minecraft:tall_grass":3,"pixelmon:berry_log":3,"minecraft:stone":20},"minecraft:crafted":{"minecraft:crafting_table":1,"minecraft:stick":8,"minecraft:stone_pickaxe":1,"minecraft:wooden_pickaxe":1,"minecraft:stone_sword":1,"minecraft:stone_axe":1,"pixelmon:green_berry_wood_planks":12},"minecraft:used":{"minecraft:stone_pickaxe":1,"pixelmon:rawst_berry":3,"minecraft:wooden_pickaxe":21,"minecraft:stone_axe":28,"minecraft:crafting_table":2,"minecraft:red_bed":3},"minecraft:dropped":{"minecraft:dirt":1,"minecraft:wheat_seeds":3},"minecraft:custom":{"minecraft:time_since_rest":14375,"minecraft:sprint_one_cm":22545,"minecraft:walk_one_cm":121700,"minecraft:damage_taken":50,"minecraft:drop":2,"minecraft:interact_with_crafting_table":4,"minecraft:swim_one_cm":5724,"minecraft:interact_with_cartography_table":1,"minecraft:fly_one_cm":5972,"minecraft:open_barrel":5,"minecraft:play_one_minute":50749,"minecraft:walk_under_water_one_cm":584,"minecraft:jump":151,"minecraft:leave_game":1,"minecraft:time_since_death":50749,"minecraft:walk_on_water_one_cm":724,"minecraft:sleep_in_bed":3,"minecraft:climb_one_cm":1358,"minecraft:fall_one_cm":836}},"DataVersion":2586}