{"stats":{"minecraft:custom":{"minecraft:interact_with_furnace":1,"minecraft:interact_with_crafting_table":10,"minecraft:interact_with_cartography_table":1,"minecraft:open_barrel":5,"minecraft:play_one_minute":178591,"minecraft:leave_game":4,"minecraft:time_since_death":178591,"minecraft:sleep_in_bed":11,"minecraft:climb_one_cm":1358,"minecraft:time_since_rest":21006,"minecraft:sprint_one_cm":78386,"minecraft:damage_taken":50,"minecraft:walk_one_cm":379771,"minecraft:drop":8,"minecraft:swim_one_cm":15192,"minecraft:fly_one_cm":14281,"minecraft:open_chest":8,"minecraft:walk_under_water_one_cm":2563,"minecraft:jump":541,"minecraft:walk_on_water_one_cm":10947,"minecraft:fall_one_cm":4883},"minecraft:dropped":{"minecraft:wheat_seeds":9,"minecraft:stick":1,"minecraft:dirt":1,"minecraft:smooth_stone":3,"minecraft:dandelion":2},"minecraft:mined":{"minecraft:dark_oak_planks":1,"minecraft:glass_pane":1,"minecraft:red_bed":4,"minecraft:stripped_dark_oak_log":1,"minecraft:dark_oak_log":25,"minecraft:dandelion":1,"pixelmon:berry_leaves_rawst":13,"minecraft:crafting_table":2,"minecraft:grass_block":4,"minecraft:white_stained_glass":1,"minecraft:glass":2,"minecraft:tall_grass":3,"minecraft:spruce_leaves":2,"minecraft:hay_block":7,"minecraft:smooth_stone":3,"minecraft:black_concrete_powder":1,"minecraft:coarse_dirt":1,"minecraft:carrots":1,"minecraft:wheat":1,"minecraft:lilac":4,"minecraft:spruce_log":35,"minecraft:grass":19,"minecraft:beetroots":1,"pixelmon:apricorn_log":3,"minecraft:sand":14,"minecraft:dirt":2,"pixelmon:berry_log":3,"minecraft:stone":20,"pixelmon:apricorn_leaves_pink":16},"minecraft:picked_up":{"pixelmon:poke_ball_lid":5,"minecraft:coarse_dirt":1,"minecraft:crafting_table":2,"pixelmon:tv":2,"pixelmon:poke_ball":27,"pixelmon:iron_base":1,"pixelmon:aluminum_base":1,"minecraft:dirt":3,"minecraft:red_bed":4,"pixelmon:platinum_base":1,"minecraft:bone":4,"minecraft:beetroot":1,"minecraft:wheat_seeds":11,"minecraft:smooth_stone":8,"minecraft:dandelion":2,"pixelmon:tiny_mushroom":1,"minecraft:porkchop":4,"pixelmon:berry_log":3,"minecraft:sand":14,"minecraft:stone_button":4,"pixelmon:apricorn_log":3,"minecraft:spruce_log":34,"minecraft:carrot":4,"minecraft:dark_oak_log":22,"minecraft:dark_oak_planks":65,"minecraft:black_concrete_powder":1,"pixelmon:pink_apricorn":14,"minecraft:beetroot_seeds":3,"minecraft:hay_block":7,"pixelmon:silver_base":1,"pixelmon:rawst_berry":13,"minecraft:cobblestone":20},"minecraft:used":{"minecraft:stone_sword":6,"minecraft:spruce_door":2,"pixelmon:rawst_berry":5,"minecraft:stone_pickaxe":4,"minecraft:chest":1,"minecraft:wooden_pickaxe":21,"minecraft:crafting_table":4,"minecraft:red_bed":4,"minecraft:carrot":2,"minecraft:glass":14,"minecraft:dark_oak_planks":81,"minecraft:stone_axe":91,"pixelmon:tv":1,"minecraft:furnace":1},"minecraft:crafted":{"minecraft:crafting_table":2,"minecraft:spruce_planks":136,"minecraft:wooden_pickaxe":1,"minecraft:spruce_door":3,"minecraft:furnace":1,"minecraft:stone_axe":1,"pixelmon:green_berry_wood_planks":12,"minecraft:glass":14,"minecraft:stick":12,"minecraft:stone_pickaxe":1,"minecraft:stone_sword":1,"minecraft:chest":1,"minecraft:dark_oak_planks":88}},"DataVersion":2586}