{"stats":{"minecraft:custom":{"minecraft:interact_with_crafting_table":43,"minecraft:open_barrel":87,"minecraft:leave_game":10,"minecraft:time_since_death":330392,"minecraft:climb_one_cm":13560,"minecraft:sprint_one_cm":510270,"minecraft:walk_one_cm":705992,"minecraft:drop":44,"minecraft:sneak_time":312,"minecraft:walk_under_water_one_cm":6141,"minecraft:interact_with_lectern":1,"minecraft:jump":2748,"minecraft:interact_with_brewingstand":3,"minecraft:interact_with_blast_furnace":7,"minecraft:walk_on_water_one_cm":26892,"minecraft:interact_with_furnace":54,"minecraft:play_one_minute":330392,"minecraft:interact_with_loom":1,"minecraft:sleep_in_bed":12,"minecraft:time_since_rest":102836,"minecraft:damage_taken":150,"minecraft:damage_dealt":30,"minecraft:swim_one_cm":39560,"minecraft:fly_one_cm":358702,"minecraft:open_chest":34,"minecraft:crouch_one_cm":173,"minecraft:fall_one_cm":64874},"minecraft:dropped":{"minecraft:iron_ingot":12,"pixelmon:fossil_display":1,"minecraft:wheat_seeds":15,"pixelmon:bauxite_ore":2,"minecraft:crafting_table":1,"minecraft:feather":9,"minecraft:honeycomb":3,"minecraft:stick":4,"minecraft:flint":2,"minecraft:dirt":1,"minecraft:writable_book":1,"minecraft:armor_stand":2,"minecraft:bone":6,"pixelmon:jaboca_berry":1,"pixelmon:kasib_berry":1,"minecraft:dark_oak_sign":1,"minecraft:chicken":1,"minecraft:carrot":2,"minecraft:poppy":1,"minecraft:potato":4,"pixelmon:old_running_boots":1,"minecraft:brown_bed":3,"minecraft:wooden_pickaxe":1,"minecraft:nether_quartz_ore":1,"pixelmon:revive":1},"minecraft:mined":{"pixelmon:sapphire_ore":7,"pixelmon:apricorn_leaves_black":20,"minecraft:red_carpet":1,"pixelmon:berry_leaves_cheri":1,"minecraft:dark_oak_leaves":1,"pixelmon:ruby_ore":4,"minecraft:dark_oak_fence":1,"minecraft:grass_block":7,"minecraft:white_stained_glass":1,"minecraft:large_fern":3,"minecraft:tall_seagrass":2,"minecraft:furnace":5,"minecraft:carrots":10,"minecraft:iron_ore":33,"minecraft:brown_bed":1,"minecraft:potatoes":4,"minecraft:dead_tube_coral":1,"pixelmon:bauxite_ore":2,"minecraft:stone":108,"pixelmon:apricorn_leaves_green":7,"pixelmon:boulder":2,"pixelmon:apricorn_leaves_white":20,"minecraft:tripwire":1,"minecraft:smithing_table":1,"pixelmon:leaf_stone_ore":5,"pixelmon:moss_rock":1,"pixelmon:amethyst_ore":4,"minecraft:glass_pane":2,"minecraft:red_bed":9,"minecraft:crafting_table":3,"minecraft:torch":3,"minecraft:blast_furnace":1,"minecraft:oak_wood":1,"pixelmon:apricorn_leaves_blue":18,"minecraft:poppy":1,"minecraft:campfire":2,"minecraft:stone_slab":1,"minecraft:tall_grass":13,"pixelmon:berry_leaves_wepear":1,"pixelmon:box":1,"minecraft:iron_door":1,"minecraft:wall_torch":3,"minecraft:coarse_dirt":1,"minecraft:dark_oak_wall_sign":1,"minecraft:beehive":1,"minecraft:wheat":10,"minecraft:birch_leaves":1,"minecraft:grass":32,"pixelmon:apricorn_leaves_red":24,"minecraft:oak_log":1,"minecraft:coal_ore":23,"minecraft:beetroots":1,"pixelmon:berry_leaves_razz":3,"pixelmon:crystal_ore":5,"pixelmon:apricorn_leaves_yellow":18,"pixelmon:apricorn_log":12,"minecraft:dirt":3,"minecraft:cobweb":10,"minecraft:tripwire_hook":1,"minecraft:oak_leaves":10,"minecraft:fern":1,"pixelmon:apricorn_leaves_pink":13},"minecraft:picked_up":{"minecraft:charcoal":4,"minecraft:crafting_table":5,"minecraft:coarse_dirt":1,"minecraft:wheat":9,"tcg:rulebook":1,"minecraft:chicken":1,"pixelmon:leaf_stone_boots":1,"minecraft:stone_slab":2,"minecraft:smithing_table":1,"pixelmon:old_running_boots":1,"minecraft:brown_bed":3,"pixelmon:razz_berry":3,"pixelmon:iron_base":4,"minecraft:string":11,"pixelmon:cooked_white_apricorn":5,"minecraft:red_bed":9,"pixelmon:platinum_base":1,"minecraft:armor_stand":2,"minecraft:beetroot":3,"pixelmon:jaboca_berry":2,"pixelmon:wepear_berry":1,"pixelmon:pixelmon_sprite":1,"minecraft:poppy":1,"minecraft:furnace":6,"pixelmon:bauxite_ore":2,"pixelmon:green_apricorn":2,"pixelmon:box":1,"pixelmon:black_apricorn":12,"minecraft:stick":4,"minecraft:stone":3,"minecraft:torch":6,"minecraft:stone_button":2,"pixelmon:apricorn_log":11,"pixelmon:yellow_berry_wood_planks":104,"minecraft:carrot":49,"pixelmon:crystal":5,"pixelmon:x_defense":1,"pixelmon:pink_apricorn":9,"minecraft:beetroot_seeds":2,"pixelmon:red_pc":1,"pixelmon:ruby":4,"pixelmon:red_apricorn":35,"pixelmon:x_speed":2,"pixelmon:exp_share":1,"minecraft:cobblestone":106,"pixelmon:poke_ball_lid":15,"minecraft:leather_chestplate":1,"pixelmon:revive":3,"minecraft:feather":9,"pixelmon:tv":1,"minecraft:potato":21,"pixelmon:poke_ball":7,"minecraft:flint":2,"minecraft:oak_log":1,"pixelmon:white_apricorn":5,"minecraft:dirt":6,"minecraft:bone":6,"minecraft:wheat_seeds":42,"pixelmon:boulder":2,"minecraft:iron_ingot":18,"minecraft:dark_oak_sign":1,"minecraft:iron_ore":33,"minecraft:honeycomb":1,"pixelmon:sapphire":7,"pixelmon:yellow_apricorn":18,"pixelmon:fossil_display":3,"pixelmon:kasib_berry":1,"pixelmon:amethyst":8,"pixelmon:leaf_stone_shard":5,"minecraft:blast_furnace":1,"pixelmon:blue_apricorn":17,"minecraft:oak_wood":1,"pixelmon:cheri_berry":2,"minecraft:bread":13,"minecraft:dark_oak_fence":1,"minecraft:coal":35,"minecraft:ender_pearl":1},"minecraft:used":{"minecraft:beetroot":1,"minecraft:chest":4,"pixelmon:wepear_berry":1,"minecraft:iron_sword":11,"pixelmon:jaboca_berry":3,"minecraft:torch":30,"minecraft:dirt":4,"minecraft:carrot":19,"pixelmon:red_pc":1,"pixelmon:fossil_display":1,"minecraft:furnace":8,"minecraft:beetroot_seeds":2,"minecraft:skeleton_skull":1,"minecraft:potato":26,"minecraft:wheat_seeds":9,"pixelmon:boulder":2,"minecraft:stone_pickaxe":119,"pixelmon:grepa_berry":1,"minecraft:wooden_pickaxe":10,"minecraft:crafting_table":4,"minecraft:red_bed":10,"pixelmon:razz_berry":3,"minecraft:apple":8,"minecraft:bread":6,"minecraft:string":1,"minecraft:iron_pickaxe":93,"minecraft:cobblestone":21,"minecraft:coarse_dirt":1,"minecraft:cobweb":11},"minecraft:crafted":{"minecraft:oak_planks":16,"pixelmon:cooked_white_apricorn":5,"minecraft:furnace":3,"minecraft:stone_button":29,"minecraft:stone":28,"pixelmon:iron_base":30,"minecraft:stone_pickaxe":1,"minecraft:chest":4,"pixelmon:cooked_yellow_apricorn":18,"minecraft:crafting_table":1,"minecraft:wooden_pickaxe":1,"pixelmon:poke_ball_lid":30,"minecraft:iron_sword":1,"pixelmon:poke_ball":30,"pixelmon:yellow_berry_wood_planks":44,"minecraft:bread":3,"minecraft:stick":24,"minecraft:iron_ingot":33,"minecraft:iron_pickaxe":1,"pixelmon:cooked_red_apricorn":27,"minecraft:torch":40}},"DataVersion":2586}