{"stats":{"minecraft:dropped":{"pixelmon:dish_curry_smoke_poke":1,"minecraft:iron_ingot":24,"minecraft:iron_sword":1,"pixelmon:fossil_display":1,"minecraft:wheat_seeds":15,"pixelmon:bauxite_ore":2,"minecraft:crafting_table":1,"minecraft:feather":9,"minecraft:honeycomb":3,"minecraft:stick":4,"minecraft:flint":2,"minecraft:dirt":1,"minecraft:writable_book":1,"minecraft:bone":6,"minecraft:armor_stand":2,"pixelmon:amethyst_hammer":1,"pixelmon:jaboca_berry":1,"pixelmon:kasib_berry":1,"minecraft:dark_oak_sign":1,"pixelmon:dish_curry_sausage":1,"minecraft:chicken":1,"pixelmon:camera":3,"pixelmon:curry_burger":2,"minecraft:carrot":2,"minecraft:poppy":1,"pixelmon:crystal_hammer":1,"minecraft:potato":4,"pixelmon:old_running_boots":2,"minecraft:brown_bed":3,"pixelmon:honey":1,"minecraft:wooden_pickaxe":1,"minecraft:nether_quartz_ore":1,"pixelmon:revive":1},"minecraft:custom":{"minecraft:interact_with_crafting_table":44,"minecraft:open_barrel":108,"minecraft:leave_game":10,"minecraft:time_since_death":380977,"minecraft:climb_one_cm":13560,"minecraft:sprint_one_cm":581732,"minecraft:walk_one_cm":831377,"minecraft:drop":58,"minecraft:sneak_time":363,"minecraft:walk_under_water_one_cm":6141,"minecraft:interact_with_lectern":1,"minecraft:jump":3036,"minecraft:interact_with_brewingstand":3,"minecraft:interact_with_blast_furnace":7,"minecraft:walk_on_water_one_cm":27158,"minecraft:interact_with_furnace":54,"minecraft:interact_with_loom":1,"minecraft:play_one_minute":380977,"minecraft:sleep_in_bed":12,"minecraft:time_since_rest":153421,"minecraft:damage_taken":230,"minecraft:damage_dealt":40,"minecraft:swim_one_cm":39560,"minecraft:fly_one_cm":409286,"minecraft:open_chest":40,"minecraft:crouch_one_cm":175,"minecraft:fall_one_cm":71905,"minecraft:horse_one_cm":3751},"minecraft:picked_up":{"minecraft:charcoal":4,"minecraft:crafting_table":5,"minecraft:coarse_dirt":1,"minecraft:wheat":9,"tcg:rulebook":1,"minecraft:chicken":1,"minecraft:stone_slab":2,"pixelmon:leaf_stone_boots":1,"minecraft:smithing_table":1,"pixelmon:old_running_boots":1,"minecraft:brown_bed":3,"pixelmon:razz_berry":3,"pixelmon:iron_base":6,"pixelmon:curry_burger":3,"pixelmon:aluminum_base":1,"minecraft:string":11,"pixelmon:cooked_white_apricorn":5,"minecraft:red_bed":9,"pixelmon:platinum_base":1,"minecraft:armor_stand":2,"minecraft:beetroot":3,"pixelmon:jaboca_berry":2,"pixelmon:grepa_berry":1,"pixelmon:wepear_berry":1,"pixelmon:pixelmon_sprite":1,"minecraft:poppy":1,"minecraft:chest":1,"pixelmon:antidote":4,"minecraft:furnace":6,"pixelmon:bauxite_ore":2,"pixelmon:green_apricorn":2,"pixelmon:box":1,"pixelmon:black_apricorn":12,"minecraft:stick":4,"minecraft:stone":3,"pixelmon:s_exp_candy":1,"minecraft:torch":8,"minecraft:stone_button":5,"pixelmon:apricorn_log":11,"pixelmon:yellow_berry_wood_planks":104,"minecraft:carrot":52,"pixelmon:crystal":5,"pixelmon:x_defense":1,"pixelmon:pink_apricorn":9,"minecraft:beetroot_seeds":2,"pixelmon:lure_casing_weak":1,"pixelmon:ruby":4,"pixelmon:red_pc":1,"pixelmon:red_apricorn":35,"pixelmon:x_speed":3,"minecraft:mutton":3,"pixelmon:exp_share":1,"minecraft:cobblestone":106,"pixelmon:poke_ball_lid":18,"minecraft:leather_chestplate":1,"pixelmon:revive":3,"minecraft:feather":9,"pixelmon:tv":1,"minecraft:leather":1,"minecraft:potato":21,"pixelmon:poke_ball":9,"minecraft:flint":2,"minecraft:oak_log":1,"pixelmon:crystal_hammer":1,"pixelmon:white_apricorn":5,"minecraft:dirt":6,"minecraft:bone":6,"minecraft:wheat_seeds":42,"pixelmon:boulder":2,"minecraft:iron_ingot":30,"minecraft:dark_oak_sign":1,"minecraft:iron_ore":33,"minecraft:iron_sword":1,"minecraft:honeycomb":1,"pixelmon:sapphire":7,"pixelmon:yellow_apricorn":18,"pixelmon:fossil_display":3,"pixelmon:kasib_berry":1,"pixelmon:dish_curry_smoke_poke":2,"pixelmon:amethyst":8,"pixelmon:leaf_stone_shard":5,"minecraft:blast_furnace":1,"pixelmon:blue_apricorn":17,"minecraft:oak_wood":1,"pixelmon:dish_curry_sausage":2,"pixelmon:amethyst_hammer":1,"pixelmon:cheri_berry":2,"minecraft:bread":13,"pixelmon:camera":2,"minecraft:dark_oak_fence":1,"minecraft:coal":35,"minecraft:ender_pearl":1},"minecraft:crafted":{"minecraft:oak_planks":16,"pixelmon:cooked_white_apricorn":5,"minecraft:furnace":3,"minecraft:stone_button":29,"minecraft:stone":28,"pixelmon:iron_base":30,"minecraft:stone_pickaxe":1,"minecraft:chest":4,"pixelmon:cooked_yellow_apricorn":18,"sophisticatedbackpacks:backpack":1,"minecraft:crafting_table":1,"minecraft:wooden_pickaxe":1,"minecraft:iron_sword":1,"pixelmon:poke_ball_lid":30,"pixelmon:yellow_berry_wood_planks":44,"pixelmon:poke_ball":30,"minecraft:bread":3,"minecraft:stick":24,"minecraft:iron_ingot":33,"minecraft:iron_pickaxe":1,"pixelmon:cooked_red_apricorn":27,"minecraft:torch":40},"minecraft:mined":{"pixelmon:sapphire_ore":7,"pixelmon:apricorn_leaves_black":20,"minecraft:red_carpet":1,"pixelmon:berry_leaves_cheri":1,"minecraft:dark_oak_leaves":1,"pixelmon:ruby_ore":4,"minecraft:dark_oak_fence":1,"minecraft:grass_block":8,"minecraft:white_stained_glass":1,"minecraft:large_fern":3,"minecraft:tall_seagrass":2,"minecraft:furnace":5,"minecraft:carrots":10,"minecraft:iron_ore":33,"minecraft:brown_bed":1,"minecraft:potatoes":4,"minecraft:dead_tube_coral":1,"pixelmon:bauxite_ore":2,"minecraft:stone":108,"pixelmon:apricorn_leaves_green":7,"pixelmon:boulder":2,"pixelmon:apricorn_leaves_white":20,"minecraft:tripwire":1,"minecraft:smithing_table":1,"pixelmon:leaf_stone_ore":5,"pixelmon:amethyst_ore":4,"pixelmon:moss_rock":1,"minecraft:glass_pane":3,"minecraft:red_bed":9,"minecraft:crafting_table":3,"minecraft:torch":3,"minecraft:blast_furnace":1,"minecraft:oak_wood":1,"pixelmon:apricorn_leaves_blue":18,"minecraft:poppy":2,"minecraft:chest":1,"minecraft:campfire":2,"minecraft:stone_slab":1,"minecraft:tall_grass":14,"pixelmon:berry_leaves_wepear":1,"pixelmon:box":1,"minecraft:iron_door":1,"minecraft:wall_torch":5,"minecraft:coarse_dirt":1,"minecraft:dark_oak_wall_sign":1,"minecraft:beehive":1,"minecraft:wheat":10,"minecraft:birch_leaves":1,"minecraft:grass":35,"pixelmon:apricorn_leaves_red":24,"minecraft:oak_log":1,"minecraft:coal_ore":23,"minecraft:beetroots":1,"pixelmon:berry_leaves_razz":3,"pixelmon:crystal_ore":5,"pixelmon:apricorn_leaves_yellow":18,"pixelmon:apricorn_log":12,"minecraft:dirt":3,"minecraft:cobweb":10,"minecraft:tripwire_hook":1,"minecraft:oak_leaves":10,"minecraft:fern":1,"pixelmon:apricorn_leaves_pink":13},"minecraft:used":{"minecraft:beetroot":1,"minecraft:chest":4,"pixelmon:wepear_berry":1,"minecraft:iron_sword":13,"pixelmon:jaboca_berry":3,"minecraft:torch":36,"minecraft:dirt":4,"minecraft:carrot":22,"pixelmon:red_pc":1,"pixelmon:fossil_display":1,"minecraft:furnace":8,"minecraft:beetroot_seeds":2,"minecraft:skeleton_skull":1,"minecraft:potato":26,"minecraft:wheat_seeds":9,"pixelmon:boulder":2,"minecraft:stone_pickaxe":119,"pixelmon:grepa_berry":2,"minecraft:wooden_pickaxe":10,"minecraft:crafting_table":4,"minecraft:red_bed":10,"pixelmon:razz_berry":3,"minecraft:apple":8,"minecraft:bread":8,"minecraft:string":1,"minecraft:iron_pickaxe":95,"minecraft:cobblestone":21,"pixelmon:amethyst_hammer":1,"minecraft:coarse_dirt":1,"minecraft:cobweb":11}},"DataVersion":2586}