{"stats":{"minecraft:crafted":{"minecraft:oak_planks":16,"pixelmon:cooked_white_apricorn":5,"minecraft:furnace":3,"minecraft:stone_button":29,"minecraft:stone":28,"pixelmon:iron_base":30,"minecraft:stone_pickaxe":1,"minecraft:chest":4,"sophisticatedbackpacks:iron_backpack":1,"pixelmon:cooked_yellow_apricorn":18,"sophisticatedbackpacks:backpack":1,"minecraft:crafting_table":1,"minecraft:wooden_pickaxe":1,"minecraft:iron_sword":1,"pixelmon:poke_ball_lid":30,"pixelmon:yellow_berry_wood_planks":44,"pixelmon:poke_ball":30,"sophisticatedbackpacks:upgrade_base":1,"minecraft:bread":3,"minecraft:stick":24,"minecraft:iron_ingot":55,"minecraft:iron_pickaxe":1,"pixelmon:cooked_red_apricorn":27,"minecraft:torch":40},"minecraft:custom":{"minecraft:interact_with_anvil":2,"minecraft:interact_with_crafting_table":47,"minecraft:open_barrel":145,"minecraft:leave_game":11,"minecraft:time_since_death":52450,"minecraft:climb_one_cm":17925,"minecraft:sprint_one_cm":939310,"minecraft:walk_one_cm":1268535,"minecraft:drop":73,"minecraft:play_noteblock":1,"minecraft:deaths":1,"minecraft:sneak_time":719,"minecraft:walk_under_water_one_cm":11909,"minecraft:interact_with_lectern":1,"minecraft:jump":5350,"minecraft:interact_with_brewingstand":4,"minecraft:interact_with_blast_furnace":14,"minecraft:walk_on_water_one_cm":44178,"minecraft:interact_with_furnace":55,"minecraft:tune_noteblock":1,"minecraft:interact_with_loom":1,"minecraft:play_one_minute":563923,"minecraft:sleep_in_bed":12,"minecraft:time_since_rest":52477,"minecraft:damage_taken":835,"minecraft:trigger_trapped_chest":1,"minecraft:damage_dealt":60,"minecraft:swim_one_cm":72561,"minecraft:fly_one_cm":733611,"minecraft:open_chest":47,"minecraft:crouch_one_cm":765,"minecraft:fall_one_cm":154053,"minecraft:horse_one_cm":17197},"minecraft:picked_up":{"minecraft:charcoal":4,"minecraft:coarse_dirt":1,"minecraft:crafting_table":5,"tcg:rulebook":1,"minecraft:wheat":9,"minecraft:chicken":1,"minecraft:stone_slab":2,"minecraft:smithing_table":1,"pixelmon:leaf_stone_boots":1,"pixelmon:old_running_boots":1,"minecraft:brown_bed":3,"pixelmon:razz_berry":3,"pixelmon:iron_base":6,"pixelmon:curry_burger":3,"pixelmon:cooked_white_apricorn":5,"pixelmon:aluminum_base":1,"minecraft:string":11,"minecraft:red_bed":9,"pixelmon:platinum_base":1,"minecraft:armor_stand":2,"minecraft:beetroot":3,"pixelmon:jaboca_berry":2,"minecraft:gold_nugget":1,"pixelmon:grepa_berry":1,"pixelmon:wepear_berry":1,"pixelmon:pixelmon_sprite":1,"minecraft:poppy":1,"minecraft:chest":1,"pixelmon:antidote":4,"minecraft:furnace":6,"pixelmon:bauxite_ore":2,"pixelmon:green_apricorn":2,"pixelmon:black_apricorn":12,"pixelmon:box":1,"minecraft:stick":4,"minecraft:stone":3,"pixelmon:s_exp_candy":1,"pixelmon:fire_stone_shard":1,"minecraft:torch":17,"minecraft:stone_button":5,"pixelmon:apricorn_log":11,"pixelmon:yellow_berry_wood_planks":104,"minecraft:vine":2,"minecraft:carrot":56,"pixelmon:crystal":5,"pixelmon:x_defense":1,"pixelmon:pink_apricorn":9,"minecraft:beetroot_seeds":2,"pixelmon:lure_casing_weak":3,"minecraft:iron_block":4,"pixelmon:ruby":4,"pixelmon:red_pc":1,"pixelmon:red_apricorn":35,"pixelmon:x_speed":3,"pixelmon:exp_share":1,"minecraft:mutton":3,"minecraft:iron_bars":3,"minecraft:cobblestone":221,"pixelmon:poke_ball_lid":18,"minecraft:leather_chestplate":1,"pixelmon:revive":3,"minecraft:feather":9,"pixelmon:tv":1,"minecraft:andesite":4,"minecraft:leather":1,"minecraft:potato":21,"pixelmon:poke_ball":11,"minecraft:flint":2,"pixelmon:aluminium_ingot":1,"minecraft:oak_log":1,"pixelmon:white_apricorn":5,"pixelmon:crystal_hammer":1,"minecraft:dirt":9,"minecraft:bone":6,"minecraft:apple":1,"minecraft:wheat_seeds":45,"pixelmon:boulder":10,"minecraft:iron_ingot":30,"minecraft:dark_oak_sign":1,"minecraft:cobweb":9,"minecraft:iron_ore":55,"pixelmon:green_cash_register":1,"minecraft:glowstone_dust":2,"pixelmon:green_pc":3,"minecraft:iron_sword":1,"pixelmon:sapphire":7,"minecraft:honeycomb":1,"pixelmon:yellow_apricorn":18,"pixelmon:fossil_display":3,"pixelmon:kasib_berry":1,"pixelmon:dish_curry_smoke_poke":2,"pixelmon:amethyst":8,"pixelmon:leaf_stone_shard":5,"minecraft:blast_furnace":1,"minecraft:barrel":1,"pixelmon:blue_apricorn":17,"minecraft:oak_wood":1,"pixelmon:dish_curry_sausage":2,"pixelmon:amethyst_hammer":1,"pixelmon:cheri_berry":2,"minecraft:bread":13,"minecraft:dark_oak_fence":1,"pixelmon:camera":2,"minecraft:coal":36,"minecraft:ender_pearl":1},"minecraft:used":{"minecraft:beetroot":1,"pixelmon:green_pc":2,"minecraft:chest":4,"pixelmon:wepear_berry":1,"minecraft:iron_sword":13,"pixelmon:jaboca_berry":3,"minecraft:torch":54,"minecraft:dirt":7,"minecraft:carrot":65,"pixelmon:red_pc":1,"pixelmon:fossil_display":1,"minecraft:barrel":1,"minecraft:glowstone":1,"minecraft:furnace":8,"minecraft:beetroot_seeds":2,"minecraft:skeleton_skull":1,"minecraft:potato":26,"minecraft:wheat_seeds":9,"pixelmon:boulder":2,"minecraft:stone_pickaxe":119,"pixelmon:grepa_berry":2,"minecraft:wooden_pickaxe":10,"minecraft:vine":2,"minecraft:crafting_table":4,"minecraft:red_bed":10,"pixelmon:green_cash_register":1,"pixelmon:razz_berry":3,"minecraft:apple":9,"minecraft:bread":8,"minecraft:string":1,"minecraft:iron_pickaxe":144,"minecraft:cobblestone":22,"pixelmon:amethyst_hammer":113,"minecraft:andesite":3,"minecraft:bucket":1,"minecraft:coarse_dirt":1,"minecraft:cobweb":11},"minecraft:broken":{"pixelmon:amethyst_hammer":1},"minecraft:dropped":{"minecraft:iron_ingot":24,"minecraft:iron_sword":1,"pixelmon:dish_curry_smoke_poke":1,"pixelmon:fossil_display":1,"minecraft:wheat_seeds":18,"pixelmon:bauxite_ore":2,"minecraft:crafting_table":1,"minecraft:feather":9,"minecraft:honeycomb":3,"minecraft:stick":4,"minecraft:flint":2,"minecraft:cobweb":2,"minecraft:dirt":1,"minecraft:rabbit":2,"minecraft:writable_book":1,"pixelmon:lure_casing_weak":2,"minecraft:bone":6,"minecraft:armor_stand":2,"pixelmon:amethyst_hammer":1,"pixelmon:jaboca_berry":1,"pixelmon:kasib_berry":1,"minecraft:dark_oak_sign":1,"pixelmon:dish_curry_sausage":1,"minecraft:rotten_flesh":1,"minecraft:chicken":1,"pixelmon:camera":3,"pixelmon:curry_burger":2,"minecraft:carrot":2,"minecraft:poppy":1,"pixelmon:crystal_hammer":1,"minecraft:potato":4,"pixelmon:old_running_boots":2,"minecraft:brown_bed":3,"pixelmon:honey":1,"minecraft:beef":3,"minecraft:wooden_pickaxe":1,"minecraft:nether_quartz_ore":1,"pixelmon:poke_ball":2,"pixelmon:revive":1},"minecraft:mined":{"pixelmon:apricorn_leaves_black":20,"pixelmon:dawn_stone_ore":1,"pixelmon:sapphire_ore":7,"minecraft:red_carpet":1,"pixelmon:berry_leaves_cheri":1,"minecraft:dark_oak_leaves":1,"pixelmon:green_healer":1,"pixelmon:ruby_ore":4,"minecraft:dark_oak_fence":1,"minecraft:grass_block":11,"minecraft:white_stained_glass":1,"minecraft:large_fern":3,"minecraft:tall_seagrass":2,"minecraft:glowstone":1,"minecraft:furnace":5,"minecraft:carrots":11,"minecraft:iron_ore":55,"minecraft:barrel":1,"minecraft:andesite":3,"minecraft:brown_bed":1,"minecraft:potatoes":4,"pixelmon:green_cash_register":1,"minecraft:dead_tube_coral":1,"pixelmon:bauxite_ore":2,"minecraft:stone":228,"minecraft:iron_block":4,"pixelmon:apricorn_leaves_white":20,"pixelmon:apricorn_leaves_green":7,"pixelmon:boulder":2,"minecraft:tripwire":1,"pixelmon:leaf_stone_ore":5,"minecraft:smithing_table":1,"pixelmon:moss_rock":1,"pixelmon:amethyst_ore":4,"minecraft:glass_pane":3,"minecraft:red_bed":9,"minecraft:crafting_table":3,"minecraft:torch":9,"minecraft:oak_wood":1,"minecraft:blast_furnace":1,"pixelmon:apricorn_leaves_blue":18,"minecraft:poppy":2,"minecraft:chest":1,"minecraft:campfire":2,"minecraft:stone_slab":1,"pixelmon:berry_leaves_wepear":1,"minecraft:tall_grass":17,"pixelmon:box":1,"minecraft:iron_door":1,"minecraft:wall_torch":8,"minecraft:coarse_dirt":1,"minecraft:dark_oak_wall_sign":1,"minecraft:beehive":1,"minecraft:wheat":10,"minecraft:birch_leaves":6,"minecraft:grass":42,"pixelmon:apricorn_leaves_red":24,"minecraft:oak_log":1,"minecraft:coal_ore":25,"pixelmon:berry_leaves_razz":3,"minecraft:beetroots":1,"pixelmon:crystal_ore":5,"pixelmon:apricorn_leaves_yellow":18,"pixelmon:apricorn_log":12,"minecraft:dirt":3,"minecraft:cobweb":10,"minecraft:tripwire_hook":1,"minecraft:oak_leaves":17,"minecraft:fern":1,"pixelmon:apricorn_leaves_pink":13}},"DataVersion":2586}