{"stats":{"minecraft:picked_up":{"pixelmon:poke_ball_lid":14,"minecraft:charcoal":2,"minecraft:crafting_table":4,"pixelmon:revive":3,"minecraft:feather":9,"tcg:rulebook":1,"minecraft:stone_slab":2,"minecraft:potato":8,"pixelmon:poke_ball":4,"pixelmon:razz_berry":3,"minecraft:flint":2,"pixelmon:iron_base":4,"minecraft:dirt":1,"pixelmon:white_apricorn":5,"pixelmon:cooked_white_apricorn":5,"minecraft:red_bed":4,"minecraft:bone":6,"pixelmon:jaboca_berry":2,"minecraft:wheat_seeds":17,"pixelmon:wepear_berry":1,"pixelmon:boulder":2,"minecraft:dark_oak_sign":1,"minecraft:iron_ore":25,"minecraft:poppy":1,"minecraft:furnace":6,"pixelmon:fossil_display":3,"pixelmon:yellow_apricorn":18,"pixelmon:bauxite_ore":2,"pixelmon:green_apricorn":2,"pixelmon:black_apricorn":12,"minecraft:stick":4,"minecraft:stone":3,"pixelmon:kasib_berry":1,"pixelmon:amethyst":8,"pixelmon:leaf_stone_shard":2,"minecraft:stone_button":1,"pixelmon:apricorn_log":11,"pixelmon:yellow_berry_wood_planks":88,"pixelmon:blue_apricorn":17,"pixelmon:pink_apricorn":9,"pixelmon:cheri_berry":2,"pixelmon:red_apricorn":35,"minecraft:dark_oak_fence":1,"pixelmon:exp_share":1,"minecraft:coal":35,"minecraft:cobblestone":68,"minecraft:ender_pearl":1},"minecraft:mined":{"pixelmon:leaf_stone_ore":2,"pixelmon:apricorn_leaves_black":20,"pixelmon:amethyst_ore":4,"minecraft:red_bed":4,"pixelmon:berry_leaves_cheri":1,"minecraft:dark_oak_leaves":1,"minecraft:crafting_table":3,"minecraft:dark_oak_fence":1,"minecraft:poppy":1,"pixelmon:apricorn_leaves_blue":18,"minecraft:grass_block":4,"minecraft:white_stained_glass":1,"minecraft:campfire":1,"minecraft:stone_slab":1,"minecraft:tall_grass":12,"pixelmon:berry_leaves_wepear":1,"minecraft:large_fern":2,"minecraft:furnace":5,"minecraft:dark_oak_wall_sign":1,"minecraft:iron_ore":25,"minecraft:grass":19,"pixelmon:apricorn_leaves_red":24,"minecraft:coal_ore":23,"pixelmon:berry_leaves_razz":3,"minecraft:dead_tube_coral":1,"pixelmon:apricorn_leaves_yellow":18,"pixelmon:apricorn_log":12,"pixelmon:bauxite_ore":2,"minecraft:dirt":1,"minecraft:tripwire_hook":1,"minecraft:stone":70,"pixelmon:apricorn_leaves_white":20,"pixelmon:apricorn_leaves_green":7,"pixelmon:boulder":2,"pixelmon:apricorn_leaves_pink":13},"minecraft:used":{"pixelmon:boulder":2,"minecraft:stone_pickaxe":119,"pixelmon:grepa_berry":1,"minecraft:wooden_pickaxe":10,"pixelmon:wepear_berry":1,"pixelmon:jaboca_berry":3,"minecraft:torch":8,"minecraft:crafting_table":3,"minecraft:red_bed":4,"pixelmon:razz_berry":3,"minecraft:apple":4,"minecraft:iron_pickaxe":15,"pixelmon:fossil_display":1,"minecraft:furnace":5,"minecraft:potato":4},"minecraft:crafted":{"pixelmon:cooked_yellow_apricorn":18,"minecraft:crafting_table":1,"pixelmon:cooked_white_apricorn":5,"minecraft:wooden_pickaxe":1,"pixelmon:yellow_berry_wood_planks":44,"pixelmon:poke_ball":29,"pixelmon:poke_ball_lid":30,"minecraft:stone_button":29,"minecraft:furnace":3,"minecraft:stone":28,"pixelmon:iron_base":30,"minecraft:stick":8,"minecraft:iron_ingot":25,"minecraft:iron_pickaxe":1,"minecraft:stone_pickaxe":1,"pixelmon:cooked_red_apricorn":27,"minecraft:torch":8},"minecraft:dropped":{"pixelmon:jaboca_berry":1,"pixelmon:kasib_berry":1,"pixelmon:fossil_display":1,"minecraft:wheat_seeds":15,"pixelmon:bauxite_ore":2,"minecraft:dark_oak_sign":1,"minecraft:crafting_table":1,"minecraft:feather":9,"minecraft:stick":4,"minecraft:flint":2,"minecraft:poppy":1,"minecraft:dirt":1,"minecraft:potato":4,"minecraft:writable_book":1,"minecraft:wooden_pickaxe":1,"pixelmon:revive":1,"minecraft:bone":6},"minecraft:custom":{"minecraft:interact_with_furnace":50,"minecraft:interact_with_crafting_table":35,"minecraft:open_barrel":13,"minecraft:play_one_minute":136391,"minecraft:leave_game":1,"minecraft:time_since_death":136391,"minecraft:sleep_in_bed":4,"minecraft:climb_one_cm":1574,"minecraft:time_since_rest":4486,"minecraft:damage_taken":70,"minecraft:sprint_one_cm":226605,"minecraft:walk_one_cm":227608,"minecraft:drop":28,"minecraft:damage_dealt":20,"minecraft:swim_one_cm":4136,"minecraft:fly_one_cm":102038,"minecraft:open_chest":2,"minecraft:crouch_one_cm":22,"minecraft:walk_under_water_one_cm":1978,"minecraft:sneak_time":71,"minecraft:interact_with_lectern":1,"minecraft:jump":853,"minecraft:walk_on_water_one_cm":8040,"minecraft:fall_one_cm":11169}},"DataVersion":2586}