{"stats":{"minecraft:dropped":{"minecraft:hay_block":17},"minecraft:custom":{"minecraft:time_since_rest":21073,"minecraft:play_one_minute":45038,"minecraft:sprint_one_cm":48834,"minecraft:walk_one_cm":54304,"minecraft:drop":1,"minecraft:jump":451,"minecraft:time_since_death":45038,"minecraft:walk_on_water_one_cm":1778,"minecraft:sleep_in_bed":1,"minecraft:fly_one_cm":91751,"minecraft:fall_one_cm":13210},"minecraft:picked_up":{"pixelmon:black_apricorn":14,"minecraft:wheat":1,"pixelmon:qualot_berry":10,"pixelmon:pink_apricorn":11,"minecraft:wheat_seeds":6,"pixelmon:wepear_berry":17,"minecraft:hay_block":39,"pixelmon:razz_berry":22,"pixelmon:copper_hourglass":1,"pixelmon:cheri_berry":11,"minecraft:carrot":32,"pixelmon:rawst_berry":11,"pixelmon:yellow_apricorn":10,"pixelmon:custap_berry":10},"minecraft:crafted":{"minecraft:wheat":153},"minecraft:mined":{"minecraft:hay_block":22,"minecraft:grass":6,"minecraft:carrots":12,"pixelmon:berry_leaves_liechi":2,"minecraft:tall_grass":1,"minecraft:wheat":2,"pixelmon:copper_hourglass":1,"minecraft:oak_leaves":2},"minecraft:used":{"minecraft:red_bed":1,"pixelmon:copper_hourglass":1,"minecraft:carrot":11}},"DataVersion":2586}