{"stats":{"minecraft:dropped":{"minecraft:hay_block":17},"minecraft:custom":{"minecraft:time_since_rest":33073,"minecraft:sprint_one_cm":69757,"minecraft:walk_one_cm":64984,"minecraft:drop":1,"minecraft:interact_with_crafting_table":1,"minecraft:fly_one_cm":133961,"minecraft:crouch_one_cm":45,"minecraft:play_one_minute":57038,"minecraft:sneak_time":6,"minecraft:walk_under_water_one_cm":174,"minecraft:boat_one_cm":347,"minecraft:jump":644,"minecraft:walk_on_water_one_cm":3156,"minecraft:time_since_death":57038,"minecraft:sleep_in_bed":1,"minecraft:fall_one_cm":20074},"minecraft:picked_up":{"pixelmon:black_apricorn":14,"minecraft:crafting_table":1,"minecraft:wheat":1,"pixelmon:razz_berry":22,"pixelmon:copper_hourglass":1,"minecraft:oak_log":10,"minecraft:carrot":32,"minecraft:dirt":2,"pixelmon:custap_berry":10,"pixelmon:qualot_berry":10,"pixelmon:pink_apricorn":11,"minecraft:wheat_seeds":6,"pixelmon:wepear_berry":17,"minecraft:hay_block":39,"pixelmon:cheri_berry":11,"pixelmon:rawst_berry":11,"pixelmon:yellow_apricorn":10},"minecraft:crafted":{"minecraft:oak_boat":1,"minecraft:oak_planks":40,"minecraft:crafting_table":1,"minecraft:stick":8,"minecraft:wheat":153},"minecraft:mined":{"minecraft:podzol":1,"minecraft:hay_block":22,"minecraft:carrots":12,"minecraft:wheat":2,"minecraft:crafting_table":1,"minecraft:grass":6,"minecraft:grass_block":1,"minecraft:oak_log":10,"pixelmon:berry_leaves_liechi":2,"minecraft:tall_grass":1,"pixelmon:copper_hourglass":1,"minecraft:oak_leaves":2},"minecraft:used":{"minecraft:crafting_table":1,"minecraft:red_bed":1,"pixelmon:copper_hourglass":1,"minecraft:carrot":11,"minecraft:oak_boat":1}},"DataVersion":2586}