{"stats":{"minecraft:custom":{"minecraft:jump":99,"minecraft:time_since_rest":9073,"minecraft:play_one_minute":33038,"minecraft:sprint_one_cm":15093,"minecraft:walk_on_water_one_cm":965,"minecraft:time_since_death":33038,"minecraft:walk_one_cm":23728,"minecraft:sleep_in_bed":1,"minecraft:fall_one_cm":894,"minecraft:fly_one_cm":14284},"minecraft:picked_up":{"pixelmon:razz_berry":11,"pixelmon:black_apricorn":14,"pixelmon:cheri_berry":11,"pixelmon:qualot_berry":10,"pixelmon:wepear_berry":11,"pixelmon:rawst_berry":11,"pixelmon:custap_berry":10,"minecraft:hay_block":9},"minecraft:mined":{"minecraft:hay_block":9},"minecraft:used":{"minecraft:red_bed":1}},"DataVersion":2586}